{
    "vertexPositions": [
        0.5, 0.5, 0.5, 0.5, 0.5, -0.5, 0.5, -0.5, 0.5, 0.5, 0.5, -0.5, 0.5,
        -0.5, 0.5, 0.5, -0.5, -0.5, -0.5, 0.5, 0.5, -0.5, 0.5, -0.5, -0.5, -0.5,
        0.5, -0.5, 0.5, -0.5, -0.5, -0.5, 0.5, -0.5, -0.5, -0.5, 0.5, 0.5, 0.5,
        0.5, 0.5, -0.5, -0.5, 0.5, 0.5, 0.5, 0.5, -0.5, -0.5, 0.5, 0.5, -0.5,
        0.5, -0.5, 0.5, -0.5, 0.5, 0.5, -0.5, -0.5, -0.5, -0.5, 0.5, 0.5, -0.5,
        -0.5, -0.5, -0.5, 0.5, -0.5, -0.5, -0.5, 0.5, 0.5, 0.5, 0.5, -0.5, 0.5,
        -0.5, 0.5, 0.5, 0.5, -0.5, 0.5, -0.5, 0.5, 0.5, -0.5, -0.5, 0.5, 0.5,
        0.5, -0.5, 0.5, -0.5, -0.5, -0.5, 0.5, -0.5, 0.5, -0.5, -0.5, -0.5, 0.5,
        -0.5, -0.5, -0.5, -0.5
    ],
    "vertexNormals": [
        0.57735, 0.57735, 0.57735, 0.57735, 0.57735, -0.57735, 0.57735,
        -0.57735, 0.57735, 0.57735, 0.57735, -0.57735, 0.57735, -0.57735,
        0.57735, 0.57735, -0.57735, -0.57735, -0.57735, 0.57735, 0.57735,
        -0.57735, 0.57735, -0.57735, -0.57735, -0.57735, 0.57735, -0.57735,
        0.57735, -0.57735, -0.57735, -0.57735, 0.57735, -0.57735, -0.57735,
        -0.57735, 0.57735, 0.57735, 0.57735, 0.57735, 0.57735, -0.57735,
        -0.57735, 0.57735, 0.57735, 0.57735, 0.57735, -0.57735, -0.57735,
        0.57735, 0.57735, -0.57735, 0.57735, -0.57735, 0.57735, -0.57735,
        0.57735, 0.57735, -0.57735, -0.57735, -0.57735, -0.57735, 0.57735,
        0.57735, -0.57735, -0.57735, -0.57735, -0.57735, 0.57735, -0.57735,
        -0.57735, -0.57735, 0.57735, 0.57735, 0.57735, 0.57735, -0.57735,
        0.57735, -0.57735, 0.57735, 0.57735, 0.57735, -0.57735, 0.57735,
        -0.57735, 0.57735, 0.57735, -0.57735, -0.57735, 0.57735, 0.57735,
        0.57735, -0.57735, 0.57735, -0.57735, -0.57735, -0.57735, 0.57735,
        -0.57735, 0.57735, -0.57735, -0.57735, -0.57735, 0.57735, -0.57735,
        -0.57735, -0.57735, -0.57735
    ],
    "vertexFrontcolors": [
        0.909803, 0.356863, 0.462745, 0.909803, 0.356863, 0.462745, 0.909803,
        0.356863, 0.462745, 0.909803, 0.356863, 0.462745, 0.909803, 0.356863,
        0.462745, 0.909803, 0.356863, 0.462745, 0.392157, 0.584318, 0.811765,
        0.392157, 0.584318, 0.811765, 0.392157, 0.584318, 0.811765, 0.392157,
        0.584318, 0.811765, 0.392157, 0.584318, 0.811765, 0.392157, 0.584318,
        0.811765, 0.996078, 0.835294, 0.321569, 0.996078, 0.835294, 0.321569,
        0.996078, 0.835294, 0.321569, 0.996078, 0.835294, 0.321569, 0.996078,
        0.835294, 0.321569, 0.996078, 0.835294, 0.321569, 0.909803, 0.356863,
        0.462745, 0.909803, 0.356863, 0.462745, 0.909803, 0.356863, 0.462745,
        0.909803, 0.356863, 0.462745, 0.909803, 0.356863, 0.462745, 0.909803,
        0.356863, 0.462745, 0.392157, 0.584318, 0.811765, 0.392157, 0.584318,
        0.811765, 0.392157, 0.584318, 0.811765, 0.392157, 0.584318, 0.811765,
        0.392157, 0.584318, 0.811765, 0.392157, 0.584318, 0.811765, 0.996078,
        0.835294, 0.321569, 0.996078, 0.835294, 0.321569, 0.996078, 0.835294,
        0.321569, 0.996078, 0.835294, 0.321569, 0.996078, 0.835294, 0.321569,
        0.996078, 0.835294, 0.321569
    ],
    "vertexBackcolors": [
        0.909803, 0.356863, 0.462745, 0.909803, 0.356863, 0.462745, 0.909803,
        0.356863, 0.462745, 0.909803, 0.356863, 0.462745, 0.909803, 0.356863,
        0.462745, 0.909803, 0.356863, 0.462745, 0.392157, 0.584318, 0.811765,
        0.392157, 0.584318, 0.811765, 0.392157, 0.584318, 0.811765, 0.392157,
        0.584318, 0.811765, 0.392157, 0.584318, 0.811765, 0.392157, 0.584318,
        0.811765, 0.996078, 0.835294, 0.321569, 0.996078, 0.835294, 0.321569,
        0.996078, 0.835294, 0.321569, 0.996078, 0.835294, 0.321569, 0.996078,
        0.835294, 0.321569, 0.996078, 0.835294, 0.321569, 0.909803, 0.356863,
        0.462745, 0.909803, 0.356863, 0.462745, 0.909803, 0.356863, 0.462745,
        0.909803, 0.356863, 0.462745, 0.909803, 0.356863, 0.462745, 0.909803,
        0.356863, 0.462745, 0.392157, 0.584318, 0.811765, 0.392157, 0.584318,
        0.811765, 0.392157, 0.584318, 0.811765, 0.392157, 0.584318, 0.811765,
        0.392157, 0.584318, 0.811765, 0.392157, 0.584318, 0.811765, 0.996078,
        0.835294, 0.321569, 0.996078, 0.835294, 0.321569, 0.996078, 0.835294,
        0.321569, 0.996078, 0.835294, 0.321569, 0.996078, 0.835294, 0.321569,
        0.996078, 0.835294, 0.321569
    ]
}
